,fl,cty_mean
0,c,24.0
1,d,25.6
2,e,9.75
3,p,17.365384615384617
4,r,16.738095238095237
